first_name,last_name,country,email,registration_date
Anna,Martin,Spain,anna0@mail.com,2024-12-21
Sofia,Silva,France,sofia1@mail.com,2024-04-04
Marco,Smith,UK,marco2@mail.com,2024-06-28
Julia,Perez,Portugal,julia3@mail.com,2024-10-10
Carlos,Muller,Spain,carlos4@mail.com,2024-07-10
Laura,Martin,Spain,laura5@mail.com,2024-12-08
Laura,Silva,Spain,laura6@mail.com,2024-10-12
Emma,Lopez,Portugal,emma7@mail.com,2024-08-22
Emma,Rossi,Portugal,emma8@mail.com,2024-01-26
Anna,Muller,France,anna9@mail.com,2024-07-14
Anna,Perez,UK,anna10@mail.com,2024-06-13
Carlos,Smith,UK,carlos11@mail.com,2024-12-28
Julia,Muller,France,julia12@mail.com,2024-06-13
Carlos,Martin,Spain,carlos13@mail.com,2024-09-07
Sofia,Rossi,France,sofia14@mail.com,2024-06-21
Daniel,Rossi,Germany,daniel15@mail.com,2024-05-05
Lucas,Smith,Germany,lucas16@mail.com,2024-12-15
David,Martin,Spain,david17@mail.com,2024-06-03
Sofia,Lopez,Portugal,sofia18@mail.com,2024-06-14
Lucas,Brown,Italy,lucas19@mail.com,2024-05-14
Laura,Lopez,France,laura20@mail.com,2024-02-02
Anna,Smith,Spain,anna21@mail.com,2024-07-27
Julia,Rossi,Italy,julia22@mail.com,2024-12-17
Lucas,Perez,Portugal,lucas23@mail.com,2024-04-15
Emma,Silva,UK,emma24@mail.com,2024-08-12
David,Lopez,Portugal,david25@mail.com,2024-03-22
Carlos,Martin,Italy,carlos26@mail.com,2024-11-18
Marco,Lopez,UK,marco27@mail.com,2024-10-13
Emma,Muller,Germany,emma28@mail.com,2024-03-19
Laura,Rossi,UK,laura29@mail.com,2024-06-06
Anna,Rossi,Germany,anna30@mail.com,2024-11-25
Anna,Dubois,Italy,anna31@mail.com,2024-06-02
Sofia,Dubois,Italy,sofia32@mail.com,2024-08-08
Carlos,Martin,UK,carlos33@mail.com,2024-03-07
Daniel,Martin,Spain,daniel34@mail.com,2024-05-26
Daniel,Garcia,Italy,daniel35@mail.com,2024-10-22
Carlos,Perez,UK,carlos36@mail.com,2024-02-12
Carlos,Perez,Italy,carlos37@mail.com,2024-10-25
Sofia,Garcia,France,sofia38@mail.com,2024-05-25
Laura,Lopez,Italy,laura39@mail.com,2024-06-04
Carlos,Lopez,Italy,carlos40@mail.com,2024-08-27
David,Martin,Germany,david41@mail.com,2024-07-19
Carlos,Brown,Portugal,carlos42@mail.com,2024-09-11
Julia,Smith,Portugal,julia43@mail.com,2024-10-09
Marco,Rossi,Portugal,marco44@mail.com,2024-11-20
Anna,Martin,France,anna45@mail.com,2024-10-11
Julia,Rossi,Spain,julia46@mail.com,2024-06-01
Sofia,Brown,Spain,sofia47@mail.com,2024-02-03
Carlos,Rossi,Italy,carlos48@mail.com,2024-03-09
Lucas,Perez,Germany,lucas49@mail.com,2024-10-07
Sofia,Garcia,UK,sofia50@mail.com,2024-07-02
Julia,Rossi,UK,julia51@mail.com,2024-03-28
Julia,Lopez,Germany,julia52@mail.com,2024-12-01
Emma,Muller,Portugal,emma53@mail.com,2024-04-14
Lucas,Smith,Germany,lucas54@mail.com,2024-10-07
Lucas,Perez,Germany,lucas55@mail.com,2024-12-17
Daniel,Martin,Italy,daniel56@mail.com,2024-07-21
Daniel,Smith,France,daniel57@mail.com,2024-11-18
Laura,Dubois,France,laura58@mail.com,2024-06-05
Anna,Martin,Portugal,anna59@mail.com,2024-07-21
Emma,Silva,Italy,emma60@mail.com,2024-04-10
Laura,Muller,Germany,laura61@mail.com,2024-02-14
Daniel,Brown,Portugal,daniel62@mail.com,2024-06-27
Emma,Smith,Portugal,emma63@mail.com,2024-09-22
Laura,Garcia,Spain,laura64@mail.com,2024-09-18
Emma,Rossi,Portugal,emma65@mail.com,2024-03-09
Daniel,Rossi,Italy,daniel66@mail.com,2024-12-24
Emma,Brown,France,emma67@mail.com,2024-04-06
Lucas,Garcia,France,lucas68@mail.com,2024-07-25
Lucas,Smith,Italy,lucas69@mail.com,2024-12-23
Lucas,Smith,Portugal,lucas70@mail.com,2024-05-14
Carlos,Smith,UK,carlos71@mail.com,2024-05-17
Carlos,Dubois,Spain,carlos72@mail.com,2024-02-12
Julia,Silva,Spain,julia73@mail.com,2024-03-14
Laura,Perez,Italy,laura74@mail.com,2024-04-22
Anna,Dubois,Portugal,anna75@mail.com,2024-06-06
Carlos,Dubois,Portugal,carlos76@mail.com,2024-02-05
Anna,Silva,Germany,anna77@mail.com,2024-07-26
Anna,Rossi,UK,anna78@mail.com,2024-04-09
Emma,Muller,Italy,emma79@mail.com,2024-08-16
Julia,Garcia,UK,julia80@mail.com,2024-05-01
David,Smith,France,david81@mail.com,2024-01-26
Marco,Lopez,Germany,marco82@mail.com,2024-01-04
Sofia,Silva,Germany,sofia83@mail.com,2024-08-17
Sofia,Rossi,Germany,sofia84@mail.com,2024-02-18
Julia,Rossi,France,julia85@mail.com,2024-01-21
Laura,Muller,Germany,laura86@mail.com,2024-07-02
Carlos,Brown,Germany,carlos87@mail.com,2024-12-13
David,Perez,France,david88@mail.com,2024-07-22
Daniel,Silva,Italy,daniel89@mail.com,2024-07-26
Sofia,Silva,Germany,sofia90@mail.com,2024-12-23
Julia,Muller,Italy,julia91@mail.com,2024-09-26
Lucas,Silva,Portugal,lucas92@mail.com,2024-01-15
Laura,Rossi,Portugal,laura93@mail.com,2024-04-08
Lucas,Muller,Portugal,lucas94@mail.com,2024-09-15
Carlos,Martin,Portugal,carlos95@mail.com,2024-03-22
Daniel,Rossi,Portugal,daniel96@mail.com,2024-01-02
David,Silva,France,david97@mail.com,2024-01-09
Laura,Silva,Portugal,laura98@mail.com,2024-04-02
Anna,Brown,France,anna99@mail.com,2024-10-27
